City_ID,City,Lat,Lng,Max Temp,Humidity,Cloudiness,Wind Speed,Country,Date
0,ushuaia,51.5085,-0.1257,51.15,87,100,6.91,GB,1731016783
1,marsabit,-54.8,-68.3,46.06,61,100,8.05,AR,1731017505
2,birobidzhan,2.3284,37.9899,68.38,70,14,9.86,KE,1731017506
3,tura,48.8,132.95,17.82,72,63,4.7,RU,1731017507
4,port lincoln,25.5198,90.2201,65.59,91,0,4.29,IN,1731017508
5,iqaluit,-34.7333,135.8667,59.68,57,53,16.44,AU,1731017509
6,port mathurin,63.7506,-68.5145,19.13,68,100,17.27,CA,1731017510
7,fale old settlement,-19.6833,63.4167,75.25,81,36,19.42,MU,1731017511
8,kununurra,-9.3852,-171.2468,83.62,66,18,10.58,TK,1731017512
9,edinburgh of the seven seas,-15.7667,128.7333,82.38,78,18,4.61,AU,1731017514
10,grytviken,-37.0676,-12.3116,58.69,89,42,5.41,SH,1731017515
11,tiksi,-54.2811,-36.5092,24.96,80,17,10.76,GS,1731017516
12,abraham's bay,71.6872,128.8694,4.48,95,95,6.15,RU,1731017517
13,whitehorse,31.9243,5.3502,70.79,37,45,3.96,DZ,1731017519
14,royan,60.7161,-135.0538,29.01,86,75,16.11,CA,1731017520
15,blackmans bay,45.6285,-1.0281,57.45,82,1,9.57,FR,1731017522
16,lihue,-43.0167,147.3167,59.13,50,92,10.78,AU,1731017523
17,ribeira grande,21.9789,-159.3672,80.74,59,75,21.85,US,1731017470
18,taiohae,38.5167,-28.7,67.77,83,100,27.0,PT,1731017525
19,musoma,38.95,20.75,61.97,38,0,9.22,GR,1731017527
20,klaksvik,-1.5,33.8,70.47,79,90,5.82,TZ,1731017528
21,ust-nera,62.2266,-6.589,50.97,96,100,27.67,FO,1731017529
22,west island,64.5667,143.2,-23.26,98,72,1.86,RU,1731017531
23,port alfred,-12.1568,96.8225,78.78,89,100,18.41,CC,1731017532
24,longyearbyen,-33.5906,26.891,59.18,83,94,1.99,ZA,1731017533
25,duekoue,78.2186,15.6401,33.64,75,75,2.3,SJ,1731017534
26,igarka,6.7472,-7.3496,71.44,64,20,2.01,CI,1731017535
27,clarence town,67.4667,86.5833,2.37,94,98,6.62,RU,1731017536
28,udachny,-32.5833,151.7833,72.95,47,29,8.41,AU,1731017537
29,dubbo,66.4167,112.4,1.27,100,100,6.82,RU,1731017538
30,fada n'gourma,-32.25,148.6167,62.73,88,0,5.75,AU,1731017540
31,tchintabaraden,12.0622,0.3578,78.67,25,94,7.81,BF,1731017541
32,santa terezinha,15.8969,5.7985,75.96,22,0,12.41,NE,1731017542
33,leck,-29.9002,-50.0904,71.1,97,100,10.07,BR,1731017543
34,fernie,54.7669,8.9785,47.03,93,100,2.71,DE,1731017544
35,port-aux-francais,49.5,-115.0687,38.12,79,53,4.16,CA,1731017545
36,howard springs,-49.35,70.2167,39.33,84,99,28.05,TF,1731017315
37,kristiansund,-12.497,131.047,83.82,77,40,2.55,AU,1731017547
38,bethel,63.1115,7.732,48.13,81,100,6.91,NO,1731017548
39,invercargill,41.3712,-73.414,63.9,53,0,4.0,US,1731017318
40,dunedin,-46.4,168.35,56.01,96,100,7.0,NZ,1731017521
41,colonia,-45.8742,170.5036,57.79,96,100,1.01,NZ,1731017552
42,kill devil hills,50.9333,6.95,44.94,83,100,6.91,DE,1731017553
43,waitangi,36.0307,-75.676,73.98,83,0,6.91,US,1731017554
44,huarmey,-43.9535,-176.5597,59.83,84,16,10.0,NZ,1731017555
45,saldanha,-10.0681,-78.1522,68.56,78,28,8.9,PE,1731017556
46,cartagena del chaira,-33.0117,17.9442,66.34,58,100,10.96,ZA,1731017557
47,puerto natales,1.3349,-74.8429,87.71,57,81,2.08,CO,1731017558
48,adamstown,-51.7236,-72.4875,45.05,70,100,1.14,CL,1731017560
49,luanda,-25.066,-130.1015,72.05,88,100,9.8,PN,1731017321
50,rio gallegos,-8.8368,13.2343,76.41,84,59,8.75,AO,1731017270
51,georgetown,-51.6226,-69.2181,55.45,35,0,2.3,AR,1731017563
52,bredasdorp,5.4112,100.3354,80.53,82,20,5.01,MY,1731017436
53,bandarbeyla,-34.5322,20.0403,61.21,76,100,16.49,ZA,1731017565
54,san agustin de valle fertil,9.4942,50.8122,79.56,77,0,12.66,SO,1731017566
55,kuanda,-30.6335,-67.4682,74.17,56,91,17.81,AR,1731017567
56,isafjordur,56.3161,116.0806,7.68,94,97,2.15,RU,1731017569
57,toga village,66.0755,-23.124,33.01,97,90,33.2,IS,1731017570
58,kosum phisai,-0.7393,-90.3518,71.73,71,88,11.63,EC,1731017572
59,cannonvale,16.2486,103.0674,67.73,83,90,5.73,TH,1731017573
60,carnarvon,-20.2833,148.7,78.19,68,10,7.61,AU,1731017574
61,puerto baquerizo moreno,-24.8667,113.6333,68.36,71,82,24.54,AU,1731017575
62,mansa,-0.9,-89.6,76.19,88,20,14.97,EC,1731017576
63,moussoro,29.9833,75.3833,69.19,42,0,6.42,IN,1731017578
64,yellowknife,13.6408,16.4901,81.01,19,0,15.17,TD,1731017579
65,avarua,62.456,-114.3525,19.92,86,75,6.91,CA,1731017580
66,talnakh,-21.2078,-159.775,78.85,44,40,6.91,CK,1731017581
67,kodiak,69.4865,88.3972,4.33,94,98,2.1,RU,1731017582
68,taulaga,57.79,-152.4072,42.31,81,100,25.32,US,1731017583
69,dudinka,-11.0553,-171.0883,83.41,70,2,5.97,AS,1731017584
70,luau,69.4058,86.1778,-3.42,100,87,2.91,RU,1731017585
71,haiku-pauwela,-10.7073,22.2247,67.14,94,92,2.8,AO,1731017587
72,coos bay,20.9219,-156.3051,83.17,65,40,25.01,US,1731017485
73,margate,43.3665,-124.2179,62.33,55,0,8.05,US,1731017589
74,paphos,51.3813,1.3862,48.69,85,0,1.99,GB,1731017590
75,ytyk-kyuyel',34.7667,32.4167,62.38,51,0,10.36,CY,1731017591
76,jati,53.9833,123.9167,6.96,98,67,1.59,RU,1731017593
77,thompson,24.3539,68.2671,76.41,88,2,8.63,PK,1731017595
78,hasaki,55.7435,-97.8558,35.76,75,75,17.27,CA,1731017596
79,conde,35.7333,140.8333,55.58,58,49,23.42,JP,1731017597
80,lucheng,-7.2597,-34.9075,78.26,83,40,14.97,BR,1731017598
81,olonkinbyen,31.2336,117.2806,49.64,85,11,3.53,CN,1731017599
82,quibor,70.9221,-8.7187,35.98,94,100,27.31,SJ,1731017600
83,sitka,9.9287,-69.6201,77.38,76,99,4.61,VE,1731017601
84,keflavik,57.0531,-135.33,48.09,71,75,16.11,US,1731017603
85,wailua homesteads,64.0049,-22.5624,41.43,87,75,12.66,IS,1731017480
86,bilibino,22.0669,-159.378,79.59,65,75,21.85,US,1731017435
87,karamay,68.0546,166.4372,-15.57,100,98,0.56,RU,1731017606
88,gandajika,45.6004,84.8661,40.82,51,100,1.05,CN,1731017607
89,saipan,-6.75,23.95,68.16,96,97,4.12,CD,1731017608
90,geraldton,15.1355,145.701,84.9,87,40,9.22,MP,1731017609
91,papatowai,-28.7667,114.6,61.21,82,20,8.05,AU,1731017406
92,kalach-na-donu,-46.5619,169.4708,55.18,99,100,1.66,NZ,1731017611
93,laguna,48.691,43.5264,40.33,85,46,3.6,RU,1731017613
94,jackson,38.421,-121.4238,71.08,27,0,0.0,US,1731017614
95,damghan,42.4165,-122.8345,66.02,29,0,3.44,US,1731017615
96,santa rosalia,36.1683,54.348,49.28,52,99,0.83,IR,1731017616
97,annaba,27.3167,-112.2833,70.12,30,0,20.92,MX,1731017617
98,kamaishi,36.9,7.7667,60.76,94,75,3.44,DZ,1731017618
99,singaraja,39.2667,141.8833,37.36,70,8,4.34,JP,1731017482
100,korla,-8.112,115.0882,80.11,82,90,2.66,ID,1731017620
101,la passe,41.7597,86.1469,52.45,45,100,7.0,CN,1731017622
102,caconda,45.5549,-0.8967,57.81,82,2,9.19,FR,1731017623
103,ad dabbah,-13.7333,15.0667,64.2,86,100,3.74,AO,1731017624
104,tofol,18.05,30.95,73.4,26,0,12.93,SD,1731017625
105,kurayyimah,5.3248,163.0078,85.78,79,75,6.91,FM,1731017626
106,nuuk,32.2764,35.5994,72.81,57,1,6.17,JO,1731017627
107,floro,64.1835,-51.7216,22.87,49,100,8.01,GL,1731017628
108,coquimbo,61.5996,5.0328,51.76,87,100,13.8,NO,1731017629
109,bezerros,-29.9533,-71.3436,58.73,76,75,11.5,CL,1731017630
110,qaqortoq,-8.2333,-35.7969,67.66,78,78,12.1,BR,1731017632
111,saint-pierre,60.7167,-46.0333,19.65,68,54,11.27,GL,1731017633
112,freetown,-21.3393,55.4781,71.28,78,0,4.61,RE,1731017634
113,revda,8.484,-13.2299,80.26,77,0,5.28,SL,1731017635
114,albany,56.801,59.9303,17.33,93,90,7.9,RU,1731017350
115,repalle,42.6001,-73.9662,53.46,62,19,1.01,US,1731017637
116,vilhena,16.0167,80.85,78.03,92,10,4.9,IN,1731017638
117,cameron,-12.7406,-60.1458,69.82,97,100,1.88,BR,1731017555
118,hadibu,26.117,-97.5169,84.22,76,0,17.27,US,1731017640
119,chibougamau,12.65,54.0333,78.84,83,72,8.88,YE,1731017642
120,caucete,49.9168,-74.3659,31.62,93,100,6.91,CA,1731017643
121,kiffa,-31.6518,-68.2811,83.39,31,40,12.33,AR,1731017644
122,jamestown,16.6166,-11.4045,86.07,15,1,11.59,MR,1731017645
123,isla mujeres,42.097,-79.2353,49.64,76,0,5.75,US,1731017646
124,kourou,21.2311,-86.731,82.45,83,40,3.33,MX,1731017647
125,cockburn town,5.1552,-52.6478,81.18,80,20,11.74,GF,1731017648
126,san antonio de pale,21.4612,-71.1419,82.02,75,2,21.0,TC,1731017649
127,prabumulih,-1.4014,5.6325,78.75,82,71,5.61,GQ,1731017651
128,pahrump,-3.45,104.25,72.32,97,94,2.42,ID,1731017652
129,popondetta,36.2083,-115.9839,62.49,11,0,11.99,US,1731017653
130,ivdel',-8.7537,148.2534,81.34,71,73,2.55,PG,1731017654
131,puerto san carlos,60.6911,60.4206,5.65,97,18,2.95,RU,1731017655
132,'ohonua,-43.3002,-65.1023,71.89,20,0,25.32,AR,1731017657
133,mao,19.5933,-154.9731,81.9,80,75,5.75,US,1731017660
134,hobyo,39.8885,4.2658,63.16,88,75,0.0,ES,1731017661
135,kingston,5.3505,48.5268,79.45,83,34,7.49,SO,1731017662
136,usogorsk,17.997,-76.7936,81.55,78,40,6.91,JM,1731017663
137,seybaplaya,63.4106,48.6872,15.24,99,91,3.58,RU,1731017476
138,dalianwan,19.65,-90.6667,83.66,79,62,9.24,MX,1731017665
139,celso ramos,39.0286,121.695,53.64,76,0,2.24,CN,1731017666
140,margaret river,-27.6344,-51.3364,67.19,95,100,4.79,BR,1731017667
141,lata,-33.95,115.0667,50.43,79,97,9.35,AU,1731017669
142,port-vila,40.1629,-8.3327,58.84,79,100,4.29,PT,1731017670
143,reggane,-17.7338,168.3219,83.8,70,40,14.97,VU,1731017671
144,taro,26.7158,0.1714,78.17,16,0,12.28,DZ,1731017672
145,kondopoga,-8.3862,115.28,67.6,97,95,1.14,ID,1731017673
146,queenstown,62.2057,34.2614,35.37,92,5,7.23,RU,1731017674
147,east wenatchee bench,-31.8976,26.8753,51.01,85,71,4.36,ZA,1731017675
148,aykol,47.4257,-120.2812,50.9,55,0,0.0,US,1731017676
149,carutapera,38.1751,77.2132,51.28,33,21,6.67,CN,1731017678
150,constantia,-1.195,-46.02,79.34,74,93,11.48,BR,1731017679
151,gandi,44.1833,28.65,38.08,36,0,3.94,RO,1731017680
152,apiai,12.9636,5.7434,77.14,28,56,8.79,NG,1731017681
153,magadan,-24.5094,-48.8425,68.09,95,100,1.99,BR,1731017682
154,ulladulla,59.5667,150.8,11.57,92,100,10.13,RU,1731017683
155,klyuchi,-35.35,150.4667,70.7,43,0,7.07,AU,1731017684
156,sarichioi,52.2667,79.1667,29.34,59,100,23.29,RU,1731017685
157,praya,44.95,28.85,37.62,65,0,1.14,RO,1731017687
158,nicoya,14.9215,-23.5087,77.54,83,0,8.05,CV,1731017688
159,lubang,10.1483,-85.452,76.03,95,100,2.91,CR,1731017689
160,sokone,13.8584,120.124,81.05,79,69,1.68,PH,1731017690
161,soio,13.8833,-16.3667,80.11,61,1,5.26,SN,1731017691
162,fada,-6.1349,12.3689,77.54,86,37,7.9,AO,1731017692
163,rapar,7.25,4.0667,81.27,89,75,0.0,NG,1731017693
164,proletariy,23.5667,70.6333,79.14,59,18,7.63,IN,1731017694
165,codrington,58.4342,31.7046,42.39,90,99,9.06,RU,1731017695
166,enewetak,-38.2667,141.9667,55.33,68,72,20.42,AU,1731017697
167,severo-yeniseyskiy,11.3474,162.3373,83.26,80,100,20.56,MH,1731017698
168,grahamstown,60.3725,93.0408,22.48,93,98,10.98,RU,1731017699
169,afaahiti,-33.3042,26.5328,52.72,83,59,14.61,ZA,1731017700
170,cabedelo,-17.75,-149.2833,78.69,82,12,8.48,PF,1731017701
171,banda aceh,-6.9811,-34.8339,79.47,77,100,10.87,BR,1731017702
172,ilulissat,5.5577,95.3222,80.31,77,100,10.51,ID,1731017703
173,costa teguise,69.2167,-51.1,10.42,56,40,0.0,GL,1731017481
174,nikolayevsk-on-amure,-14.9172,13.4925,61.45,87,92,1.54,AO,1731017707
175,ghanzi,53.1406,140.73,15.3,75,75,4.76,RU,1731017708
176,yunyang,-21.5667,21.7833,75.56,52,97,4.63,BW,1731017709
177,rongelap,33.4474,112.7142,56.52,46,89,1.21,CN,1731017710
178,tolanaro,11.1635,166.8941,80.56,85,100,20.33,MH,1731017711
179,walvis bay,-25.0319,46.9987,77.07,83,20,11.5,MG,1731017712
180,nar'yan-mar,-22.9575,14.5053,59.9,85,12,1.9,NA,1731017714
181,weiser,67.6713,53.087,32.63,89,93,13.11,RU,1731017715
182,shuangcheng,44.251,-116.9693,50.31,48,0,1.83,US,1731017664
183,hamilton,45.35,126.2833,28.47,54,57,4.9,CN,1731017717
184,nolinsk,39.1834,-84.5333,60.78,69,75,8.05,US,1731017718
185,karymskoye,57.5596,49.9363,30.24,95,100,7.99,RU,1731017719
186,coahuayana de hidalgo,51.6167,114.35,14.11,96,40,2.46,RU,1731017720
187,nuku'alofa,18.7,-103.6583,86.16,64,74,6.22,MX,1731017721
188,nova sintra,-21.1333,-175.2,71.94,94,75,6.91,TO,1731017723
189,maykop,14.8667,-24.7167,78.28,80,27,21.14,CV,1731017724
190,tranovaho,44.6078,40.1058,42.57,88,4,4.74,RU,1731017725
191,prainha,-16.7333,-151.4333,81.18,77,12,3.74,PF,1731017479
192,remire-montjoly,-1.8,-53.48,86.29,45,100,2.24,BR,1731017728
193,kelamangalam,4.9167,-52.2667,84.24,79,0,8.05,GF,1731017729
194,safaga,12.6,77.85,68.27,98,100,4.74,IN,1731017731
195,anadyr,26.7292,33.9365,77.2,54,0,1.99,EG,1731017732
196,maile,64.75,177.4833,1.9,84,0,13.42,RU,1731017733
197,guapi,-38.9466,-72.3727,61.41,55,67,3.96,CL,1731017734
198,ancud,2.5708,-77.8854,77.86,89,89,5.86,CO,1731017735
199,badger,-41.8697,-73.8203,52.2,78,100,10.22,CL,1731017736
200,odienne,64.8,-147.5333,30.07,71,75,5.75,US,1731017737
201,zionsville,9.51,-7.5692,71.51,44,0,1.19,CI,1731017738
202,san pedro,39.9509,-86.2619,55.89,66,0,5.75,US,1731017740
203,deols,14.35,121.0167,79.83,95,20,0.0,PH,1731017459
204,khash,46.8293,1.7043,51.46,92,1,6.62,FR,1731017742
205,vorgashor,28.2211,61.2158,60.71,30,0,5.44,IR,1731017743
206,east london,67.5833,63.95,15.13,96,100,14.85,RU,1731017744
207,ceerigaabo,-33.0153,27.9116,61.48,86,90,15.1,ZA,1731017745
208,college,10.6162,47.368,63.84,38,0,1.48,SO,1731017746
209,nyurba,64.8569,-147.8028,30.15,64,75,5.75,US,1731017577
210,urucui,63.2842,118.3319,3.83,99,99,3.85,RU,1731017749
211,okha,-7.2294,-44.5561,82.76,54,76,2.82,BR,1731017750
212,hermanus,53.5739,142.9478,27.75,86,98,16.8,RU,1731017751
213,champerico,-34.4187,19.2345,61.81,75,100,14.61,ZA,1731017752
214,pervomayskoye,14.3,-91.9167,83.75,78,75,9.48,GT,1731017753
215,daru,43.919,46.7102,51.85,60,100,11.05,RU,1731017754
216,medina,-9.0763,143.2092,80.82,79,100,11.54,PG,1731017755
217,raja,24.4686,39.6142,84.63,39,40,4.61,SA,1731017757
218,nemuro,8.4596,25.678,75.43,44,0,4.0,SS,1731017758
219,woolgoolga,43.3236,145.575,38.59,76,14,8.99,JP,1731017759
220,fuvahmulah,-30.1106,153.2007,76.95,84,74,4.41,AU,1731017760
221,manokwari,38.7153,112.7575,45.39,69,100,0.6,CN,1731017762
222,tadine,-0.8667,134.0833,79.54,77,100,3.44,ID,1731017403
223,yura,-21.55,167.8833,77.14,62,6,11.79,NC,1731017765
224,hithadhoo,-16.2522,-71.6797,64.92,22,0,10.36,PE,1731017766
225,xinzhi,-0.6,73.0833,82.53,71,100,10.29,MV,1731017767
226,bikenibeu village,36.4989,111.7047,51.49,67,31,2.33,CN,1731017768
227,iskateley,1.3673,173.1241,87.76,70,20,8.05,KI,1731017769
228,ebaye,67.6803,53.1512,32.72,89,94,13.18,RU,1731017770
229,morant bay,8.7748,167.7392,78.82,89,0,3.44,MH,1731017771
230,benguela,17.8815,-76.4093,81.61,84,57,7.92,JM,1731017773
231,bela vista,-12.5763,13.4055,77.77,77,82,4.97,AO,1731017774
232,labuan,-22.1089,-56.5211,76.73,89,25,2.37,BR,1731017775
233,santa cruz,5.2767,115.2417,79.16,94,20,1.14,MY,1731017776
234,lucea,-17.8,-63.1667,80.65,69,75,16.11,BO,1731017777
235,taltal,18.451,-78.1736,84.06,82,25,9.01,JM,1731017778
236,weno,-25.4,-70.4833,62.46,74,26,3.78,CL,1731017779
237,tuapse,7.4515,151.8468,84.15,79,75,6.91,FM,1731017780
238,gadzhiyevo,44.1125,39.0742,51.22,78,78,4.09,RU,1731017782
239,saeby,69.2551,33.3362,37.94,90,100,21.14,RU,1731017783
240,happy valley-goose bay,57.3319,10.5225,47.17,92,12,6.69,DK,1731017784
241,kirkwall,53.3168,-60.3315,34.11,86,75,8.05,CA,1731017785
242,nukunonu,58.9848,-2.9587,50.05,93,20,9.22,GB,1731017786
243,shabqadar,57.3719,25.0343,41.07,96,64,4.05,LV,1731017788
244,kavaratti,34.2139,71.5552,66.42,46,100,1.34,PK,1731017790
245,mejit,10.5669,72.642,82.15,72,18,3.09,IN,1731017791
246,palmas,10.2753,170.8646,81.01,80,100,16.64,MH,1731017792
247,colonel hill,-10.2128,-48.3603,76.87,94,100,8.05,BR,1731017793
248,robbah,22.7667,-74.2167,81.12,72,1,17.9,BS,1731017794
249,auki,33.2797,6.9098,69.44,46,74,2.33,DZ,1731017795
250,east honolulu,-8.7676,160.7034,81.59,81,90,0.67,SB,1731017796
251,burang,50.3167,130.3667,14.81,88,32,2.57,RU,1731017799
252,iznalloz,30.25,81.1667,35.69,54,2,2.28,CN,1731017800
253,bardai,37.3926,-3.5276,52.56,85,60,3.22,ES,1731017801
254,morro agudo,11.65,7.2333,71.85,35,97,8.52,NG,1731017414
255,cururupu,-20.7314,-48.0578,69.3,96,99,3.15,BR,1731017803
256,vila velha,-1.8283,-44.8683,76.86,79,78,3.53,BR,1731017804
257,vernon,-20.3297,-40.2925,76.95,87,40,10.36,BR,1731017511
258,kokoda,50.2581,-119.2691,47.93,50,84,3.0,CA,1731017617
259,plettenberg bay,-8.8785,147.7407,78.6,86,89,2.62,PG,1731017808
260,kalabo,-34.0527,23.3716,58.57,80,55,11.79,ZA,1731017809
261,conduaga,-14.97,22.6814,73.8,68,57,4.41,ZM,1731017810
262,kuta,8.862,117.4893,77.49,89,87,3.06,PH,1731017811
263,mugia,-8.7233,115.1723,80.55,89,20,2.3,ID,1731017812
264,guerrero negro,43.1041,-9.2179,59.92,78,100,4.29,ES,1731017813
265,rio grande,27.9769,-114.0611,74.39,27,0,8.41,MX,1731017814
266,pindwara,-32.035,-52.0986,64.17,89,100,26.04,BR,1731017816
267,bengkulu,24.8,73.0667,73.62,42,3,2.39,IN,1731017817
268,phayakkhaphum phisai,-3.8004,102.2655,75.09,88,99,3.15,ID,1731017818
269,usinsk,15.5163,103.1937,73.42,76,100,9.78,TH,1731017819
270,mili,65.9939,57.5281,16.61,97,98,10.16,RU,1731017820
271,stanley,6.0815,171.735,84.56,66,44,17.38,MH,1731017821
272,slave lake,54.868,-1.6985,48.52,93,75,5.75,GB,1731017822
273,namdrik,55.2834,-114.769,42.78,93,100,10.36,CA,1731017823
274,holualoa,5.5994,168.1028,84.2,74,94,15.66,MH,1731017825
275,roslavl',19.6228,-155.9522,80.55,76,0,12.66,US,1731017826
276,aleg,53.9528,32.8639,42.98,87,100,7.9,RU,1731017827
277,vilyuchinsk,17.0481,-13.9209,88.18,14,3,7.36,MR,1731017828
278,oodweyne,52.9306,158.4028,16.07,76,43,7.54,RU,1731017829
279,lusambo,9.4092,45.064,73.62,29,5,8.52,SO,1731017830
280,mariental,-4.9667,23.45,69.35,92,79,1.48,CD,1731017831
281,vrangel',-24.6333,17.9667,78.3,38,73,14.7,NA,1731017833
282,soligalich,42.7297,133.0839,31.8,41,67,6.73,RU,1731017834
283,grand island,59.0778,42.2864,35.19,98,100,7.56,RU,1731017835
284,hammerfest,40.925,-98.342,53.02,66,0,3.44,US,1731017836
285,aver-o-mar,70.6634,23.6821,46.85,93,75,14.97,NO,1731017472
286,port macquarie,41.4078,-8.7812,64.96,82,0,6.91,PT,1731017838
287,bella vista,-31.4333,152.9167,74.07,86,28,4.0,AU,1731017762
288,colby,36.4295,-94.2316,66.81,66,0,14.97,US,1731017840
289,novyy urengoy,39.3958,-101.0524,39.25,93,100,10.36,US,1731017842
290,toamasina,66.0833,76.6333,5.72,99,93,5.95,RU,1731017843
291,bouna,-18.1667,49.3833,71.6,94,40,2.3,MG,1731017844
292,iwanai,9.2667,-3.0,76.23,40,92,2.42,CI,1731017845
293,hirara,42.9744,140.5089,36.84,72,88,6.96,JP,1731017846
294,al hazm,24.8,125.2833,77.27,94,100,18.41,JP,1731017847
295,tazovsky,16.1641,44.7769,72.1,28,0,2.21,YE,1731017848
296,port saint john's,67.4667,78.7,14.43,96,100,5.01,RU,1731017849
297,st. paul,-31.6229,29.5448,63.23,89,99,11.14,ZA,1731017851
298,krasnoarmeysk,44.9444,-93.0933,50.29,68,0,14.97,US,1731017852
299,esperantinopolis,51.0239,45.6969,32.77,97,100,7.92,RU,1731017853
300,alice springs,-4.8667,-44.7083,83.43,56,100,1.5,BR,1731017854
301,port hedland,-23.7,133.8833,76.55,53,1,0.0,AU,1731017855
302,tczew,-20.3167,118.5667,84.25,79,78,11.5,AU,1731017856
303,juneau,54.0924,18.7779,45.0,89,100,1.97,PL,1731017857
304,grand rapids,58.3019,-134.4197,38.41,97,75,3.44,US,1731017859
305,muswellbrook,42.9634,-85.6681,52.18,76,20,10.36,US,1731017810
306,santa ana de yacuma,-32.2667,150.9,74.89,43,4,7.54,AU,1731017861
307,orapa,-13.75,-65.4333,82.35,83,75,3.44,BO,1731017862
308,aqadyr,-21.2833,25.3667,69.85,70,90,17.25,BW,1731017863
309,luderitz,48.2553,72.8483,22.98,76,53,10.27,KZ,1731017864
310,kletskaya,-26.6481,15.1594,59.07,76,16,6.22,NA,1731017865
311,chimoio,49.3145,43.0584,41.61,84,73,4.99,RU,1731017866
312,thinadhoo,-19.1164,33.4833,68.22,88,73,7.58,MZ,1731017867
313,pasni,0.5333,72.9333,82.78,72,53,13.51,MV,1731017869
314,la ronge,25.2631,63.471,79.03,77,0,10.69,PK,1731017870
315,riolandia,55.1001,-105.2842,41.25,65,40,14.97,CA,1731017871
316,chonchi,-19.9808,-49.6819,72.64,89,99,4.52,BR,1731017872
317,merke,-42.6128,-73.8092,56.12,83,95,4.47,CL,1731017873
318,rock springs,42.8728,73.1786,33.66,78,67,1.74,KZ,1731017874
319,bandon,41.5875,-109.2029,37.24,37,0,9.22,US,1731017875
320,fushun,51.7469,-8.7425,54.99,97,100,13.82,IE,1731017877
321,antofagasta,41.8558,123.9233,39.94,86,10,6.29,CN,1731017878
322,karratha,-23.65,-70.4,63.68,81,8,4.23,CL,1731017704
323,beira,-20.7377,116.8463,82.72,44,26,7.81,AU,1731017880
324,ijuw,-19.8436,34.8389,77.09,83,75,12.68,MZ,1731017881
325,tyukhtet,-22.9661,-42.0278,75.36,83,100,32.75,BR,1731017883
326,zaozersk,56.5389,89.3011,31.06,55,100,16.28,RU,1731017885
327,broken hill,69.4005,32.4476,37.74,91,100,21.68,RU,1731017886
328,feodosiya,-31.95,141.4333,60.17,51,0,14.88,AU,1731017887
329,camana,45.0333,35.3833,49.98,47,9,5.46,UA,1731017888
330,kargasok,-16.6228,-72.7111,66.51,76,26,6.42,PE,1731017889
331,trairi,59.0556,80.8572,25.16,94,100,7.11,RU,1731017890
332,la'ie,-3.2778,-39.2689,77.97,81,69,10.98,BR,1731017891
333,kodinsk,21.6477,-157.9253,80.56,72,70,8.99,US,1731017893
334,antalaha,58.6881,99.1844,22.05,91,97,4.18,RU,1731017894
335,visby,-14.9003,50.2788,70.02,87,1,6.08,MG,1731017895
336,miguel aleman (la doce),57.6409,18.296,34.02,100,4,3.44,SE,1731017896
337,verkhnevilyuysk,31.3974,-102.3501,67.98,38,11,5.26,US,1731017898
338,nha trang,63.4453,120.3167,-3.57,100,87,3.33,RU,1731017900
339,cadale,12.25,109.1833,80.6,92,99,7.27,VN,1731017901
340,panambi,2.7603,46.3222,78.85,79,11,10.07,SO,1731017902
341,pavlodar,-28.2925,-53.5017,69.4,88,99,13.65,BR,1731017903
342,isabel segunda,52.3,76.95,24.6,74,75,22.37,KZ,1731017904
343,buka,18.1491,-65.4427,80.33,75,97,6.78,PR,1731017905
344,tosontsengel,40.8108,69.1986,43.59,49,10,1.45,UZ,1731017906
345,ipueiras,48.7567,98.2839,24.62,91,100,0.81,MN,1731017907
346,al-`ula,-7.0333,-40.45,85.5,36,100,7.56,BR,1731017909
347,tomatlan,6.9248,158.1611,85.05,74,100,6.91,FM,1731017911
348,leninskiy,19.9333,-105.25,85.5,62,2,9.71,MX,1731017912
349,petropavlovsk-kamchatsky,54.2781,37.4558,40.73,95,100,9.33,RU,1731017913
350,lijiang,53.0452,158.6483,14.59,67,75,6.71,RU,1731017914
351,yaren,26.8688,100.2207,45.18,98,100,2.95,CN,1731017915
352,bundi,-0.5472,166.916,83.3,70,100,14.38,NR,1731017917
353,vallenar,25.4417,75.6417,72.23,39,3,1.72,IN,1731017918
354,san jose village,-28.5708,-70.7581,77.72,34,0,6.64,CL,1731017919
355,kolin,-32.1667,152.5167,72.37,94,28,4.97,AU,1731017921
356,casper,50.0281,15.2006,38.17,94,75,3.44,CZ,1731017922
357,mchinji,42.8666,-106.3131,45.72,43,0,13.8,US,1731017864
358,port shepstone,-13.7984,32.8802,69.3,66,14,6.33,MW,1731017925
359,yaring,-30.7414,30.455,63.81,84,100,8.84,ZA,1731017926
360,concepcion,6.8662,101.3689,77.41,88,100,3.96,TH,1731017927
361,terrace,-36.827,-73.0498,60.6,63,0,13.8,CL,1731017399
362,vadso,54.5163,-128.6035,51.71,100,100,19.57,CA,1731017929
363,constitucion,70.0744,29.7487,42.96,75,20,19.57,NO,1731017930
364,verkhnyaya sinyachikha,-35.3333,-72.4167,61.38,58,80,15.52,CL,1731017931
365,ponta delgada,57.976,61.6673,18.14,90,10,7.0,RU,1731017933
366,rumoi,37.7333,-25.6667,66.92,63,40,16.11,PT,1731017934
367,glace bay,43.9344,141.6428,34.65,91,95,5.35,JP,1731017935
368,lebu,46.1969,-59.957,41.45,78,75,11.99,CA,1731017936
369,grand falls-windsor,-37.6167,-73.65,55.27,64,83,10.27,CL,1731017937
370,namibe,48.9332,-55.6649,36.34,82,84,13.67,CA,1731017938
371,nehe,-15.1961,12.1522,71.06,83,79,6.13,AO,1731017939
372,mermoz boabab,48.4833,124.8333,20.34,61,1,5.84,CN,1731017940
373,punaauia,14.7065,-17.4758,81.36,71,3,7.92,SN,1731017942
374,kegeyli shahar,-17.6333,-149.6,85.64,74,40,8.05,PF,1731017943
375,murzuq,42.7767,59.6078,36.61,74,14,6.87,UZ,1731017944
376,greymouth,25.9155,13.9184,64.85,42,14,7.31,LY,1731017945
377,gracias,-42.4667,171.2,59.79,94,88,12.06,NZ,1731017946
378,northam,14.5833,-88.5833,80.69,54,95,5.39,HN,1731017866
379,hilo,51.0333,-4.2167,52.61,92,37,13.47,GB,1731017948
380,ingeniero luis a. huergo,19.7297,-155.09,82.11,81,75,5.75,US,1731017818
381,wynyard,-39.0833,-67.2333,76.42,23,99,18.79,AR,1731017817
382,acarau,-41.0,145.7167,55.42,87,85,5.01,AU,1731017952
383,pizarro,-2.8856,-40.12,78.28,81,45,18.28,BR,1731017953
384,adler,4.9533,-77.366,78.69,86,100,5.5,CO,1731017954
385,kansk,43.43,39.92,46.56,81,100,8.95,RU,1731017955
386,emerald,56.2017,95.7175,31.95,52,100,16.11,RU,1731017956
387,simanggang,-23.5333,148.1667,83.34,49,10,13.76,AU,1731017957
388,shanghai,1.2472,111.4528,73.38,94,99,3.44,MY,1731017959
389,dompu,31.2222,121.4581,53.46,76,0,4.47,CN,1731017928
390,lorengau,-8.5356,118.4622,77.99,83,74,0.63,ID,1731017961
391,kirensk,-2.0226,147.2712,81.18,77,100,4.94,PG,1731017962
392,portland,57.7853,108.1119,27.43,97,100,4.65,RU,1731017963
393,urangan,45.5234,-122.6762,63.64,46,20,10.0,US,1731017411
394,norrtalje,-25.3,152.9,76.41,83,86,20.76,AU,1731017965
395,pisco,59.758,18.705,42.03,92,10,4.85,SE,1731017966
396,kerava,-13.7,-76.2167,68.05,68,40,10.36,PE,1731017967
397,hayma',60.4034,25.105,43.83,91,100,9.22,FI,1731017969
398,khandyga,66.6572,66.4183,13.55,88,88,7.63,RU,1731017971
399,salinopolis,62.6667,135.6,-4.56,99,100,1.66,RU,1731017972
400,bhamo,-0.6136,-47.3561,80.55,79,47,15.66,BR,1731017973
401,formosa do rio preto,24.2667,97.2333,63.77,99,89,1.05,MM,1731017974
402,ardestan,-11.0483,-45.1931,81.72,49,100,5.23,BR,1731017975
403,suntar,33.3761,52.3694,55.71,45,49,3.31,IR,1731017977
404,villa gesell,62.1444,117.6319,7.79,98,100,5.48,RU,1731017978
405,tangalle,-37.2639,-56.973,54.18,63,4,17.34,AR,1731017979
406,sake,6.024,80.7911,76.98,89,81,4.68,LK,1731017450
407,arteche,-1.5736,29.045,62.38,96,100,1.25,CD,1731017981
408,chengde,12.2645,125.4048,78.98,89,66,5.46,PH,1731017982
409,santo antonio,40.9725,117.9361,40.71,68,94,1.36,CN,1731017983
410,takaungu,-6.3106,-35.4789,76.6,72,100,9.93,BR,1731017985
411,uige,-3.6837,39.8566,78.28,89,3,7.94,KE,1731017986
412,christchurch,-7.6087,15.0613,67.39,97,85,2.01,AO,1731017987
413,sishilichengzi,-43.5333,172.6333,73.9,44,100,8.05,NZ,1731017988
414,vilyuysk,68.7098,-52.8699,1.96,83,100,9.17,GL,1731017990
415,gondar,63.7553,121.6247,-6.11,100,80,2.98,RU,1731017991
416,newman,12.6,37.4667,57.85,59,29,5.26,ET,1731017993
417,tarawa,37.3138,-121.0208,70.05,29,0,1.99,US,1731017994
418,ndioum,1.419,172.984,87.89,70,20,8.05,KI,1731017995
419,sept-iles,16.5129,-14.6471,89.44,15,1,7.76,SN,1731017996
420,gidole,50.2001,-66.3821,39.2,56,75,11.5,CA,1731017997
421,ingeniero jacobacci,5.65,37.3667,58.28,63,7,3.47,ET,1731017998
422,fort-shevchenko,-41.3427,-69.5448,64.09,28,100,28.3,AR,1731017999
423,gizo,44.5086,50.263,49.48,79,100,20.09,KZ,1731018000
424,san patricio,-8.103,156.8419,82.6,76,100,2.55,SB,1731018002
425,santa branca,28.017,-97.5169,84.15,64,36,16.26,US,1731018003
426,lamu,-23.3967,-45.8839,73.08,88,75,3.44,BR,1731018004
427,north platte,-2.2717,40.902,79.03,85,28,9.93,KE,1731018005
428,assare,41.1239,-100.7654,44.26,83,97,3.0,US,1731018006
429,utrik,-6.8744,-39.875,83.8,32,100,5.82,BR,1731018007
430,isoka,11.2278,169.8474,81.72,81,100,23.6,MH,1731018008
431,kuyeda,-10.1606,32.6335,70.47,46,11,2.77,ZM,1731018009
432,ciudad acuna,56.4311,55.5886,23.52,97,98,9.13,RU,1731018011
433,lakatoro,29.3232,-100.9522,88.38,52,20,20.71,MX,1731018012
434,fortuna,-16.0999,167.4164,80.92,76,36,14.2,VU,1731018013
435,aljezur,40.5982,-124.1573,65.93,50,0,10.36,US,1731018014
436,malanje,37.3191,-8.8033,64.04,89,100,13.44,PT,1731018015
437,vingt cinq,-9.5402,16.341,65.48,93,75,1.16,AO,1731018016
438,pacific grove,-4.9333,122.5167,76.64,90,7,1.95,ID,1731018018
439,am timan,36.6177,-121.9166,72.64,49,0,8.05,US,1731017873
440,sonsorol village,11.0297,20.2827,76.78,33,4,4.94,TD,1731018021
441,farmington,-23.1333,150.7333,78.03,70,54,6.46,AU,1731018023
442,westerland,36.7281,-108.2187,38.25,88,100,8.05,US,1731017857
443,yangor,54.9079,8.3033,48.22,93,100,5.75,DE,1731018025
444,bel ombre,48.5,35.0,41.72,57,67,4.83,UA,1731018029
445,errachidia,-4.6167,55.4167,80.44,78,20,2.3,SC,1731018030
446,porto novo,31.9275,-4.4285,66.25,42,0,2.3,MA,1731018031
447,aswan,6.4965,2.6036,80.42,77,85,6.04,BJ,1731018032
448,jolo,24.0934,32.907,70.68,35,0,9.69,EG,1731018033
449,callao,6.05,121.0167,77.56,91,70,2.17,PH,1731018035
450,tchibanga,-12.0667,-77.15,71.73,82,100,5.75,PE,1731018036
451,quatis,-2.85,11.0333,72.84,99,100,2.28,GA,1731018037
452,kemijarvi,-22.4072,-44.2581,72.3,88,100,3.36,BR,1731018038
453,mount pearl,66.7131,27.4306,34.72,86,100,7.52,FI,1731018039
454,hani i elezit,47.5166,-52.7813,38.32,86,75,8.05,CA,1731018040
455,alofi,-5.1989,-35.4608,78.3,77,99,12.1,BR,1731018045
456,rabo de peixe,-19.0595,-169.9187,80.49,57,75,16.11,NU,1731018046
457,punta arenas,37.8,-25.5833,65.71,99,40,16.11,PT,1731018047
458,mampong,-53.15,-70.9167,44.71,76,0,6.91,CL,1731018048
459,ulaangom,7.0627,-1.4001,73.76,59,67,1.28,GH,1731018050
460,port douglas,49.9811,92.0667,28.09,76,26,5.53,MN,1731018051
461,trashi yangtse,-16.4833,145.4667,76.14,71,15,2.06,AU,1731018052
462,dryden,27.6116,91.498,48.99,61,0,5.35,BT,1731018053
463,quzhou,49.7833,-92.7503,46.69,49,20,20.71,CA,1731018054
464,awjilah,28.9594,118.8686,50.09,90,1,6.76,CN,1731018055
465,bamboo flat,29.1081,21.2869,64.56,47,82,7.27,LY,1731018056
466,saint-joseph,11.7,92.7167,77.09,100,75,2.3,IN,1731018057
467,matoury,-21.3667,55.6167,70.18,82,50,11.54,RE,1731018059
468,tralee,4.8483,-52.3317,84.16,79,0,8.05,GF,1731018060
469,irtyshsk,52.2704,-9.7026,57.16,95,100,9.08,IE,1731018061
470,bam,53.3333,75.4572,25.74,81,100,22.32,KZ,1731018062
471,yinchuan,29.106,58.357,68.58,29,3,5.97,IR,1731018063
472,rusape,38.4681,106.2731,51.46,60,0,3.13,CN,1731018064
473,port elizabeth,-18.5278,32.1284,62.71,88,100,6.69,ZW,1731018065
474,kandhkot,-33.918,25.5701,62.89,84,0,17.27,ZA,1731018067
475,lusaka,28.244,69.1824,79.0,30,0,2.71,PK,1731018068
476,tshikapa,-15.4067,28.2871,70.93,57,38,9.62,ZM,1731018069
477,ploudalmezeau,-6.4167,20.8,70.81,84,100,2.13,CD,1731018070
478,xiulin,48.5333,-4.65,50.38,93,40,5.75,FR,1731018071
479,dakhla,29.7167,112.4,60.55,36,70,2.82,CN,1731018072
480,whangarei,23.6848,-15.958,70.5,70,97,9.53,EH,1731018073
481,pogar,-35.7317,174.3239,68.83,69,26,2.64,NZ,1731018074
482,poronaysk,52.554,33.2591,45.82,71,93,10.65,RU,1731018076
483,tumaco,49.2167,143.1167,25.14,65,11,7.34,RU,1731018077
484,nelson bay,1.7986,-78.8156,79.65,76,56,13.04,CO,1731018078
485,toliara,-32.7167,152.15,73.09,68,36,10.0,AU,1731018079
486,spring creek,-23.35,43.6667,73.35,83,16,10.36,MG,1731018080
487,tambura,40.7266,-115.5859,46.09,24,0,1.01,US,1731018081
488,baise city,5.6,27.4667,72.81,75,22,1.25,SS,1731018082
489,thief river falls,23.8997,106.6133,61.93,79,79,2.19,CN,1731018083
490,am djarass,48.1191,-96.1812,48.13,57,0,16.11,US,1731018085
491,danjiangkou,49.75,1.1667,49.01,91,6,1.01,FR,1731018087
492,mabaruma,32.5428,111.5086,57.97,52,100,3.74,CN,1731018088
493,kumru,8.2,-59.7833,80.89,79,98,4.05,GY,1731018089
494,kingscliff,40.8744,37.2639,39.51,87,0,3.49,TR,1731018090
495,celikhan,-28.2667,153.5667,83.95,83,90,11.5,AU,1731018091
496,prince rupert,38.0342,38.2433,39.29,29,0,6.46,TR,1731018093
497,choibalsan,54.3161,-130.3201,51.49,86,100,28.77,CA,1731018091
498,kerikeri,48.0667,114.5,18.14,92,4,2.59,MN,1731018095
499,anicuns,-35.2268,173.9474,66.22,71,22,4.83,NZ,1731018096
500,darwin,-16.4611,-49.9617,69.44,95,90,3.44,BR,1731018097
501,progreso,-12.4611,130.8418,84.18,79,20,3.44,AU,1731018098
502,fish town,21.2833,-89.6667,82.13,76,6,9.06,MX,1731018099
503,homer,5.1964,-7.8756,72.18,96,50,2.28,LR,1731018100
504,novodvinsk,59.6425,-151.5483,42.69,80,75,20.0,US,1731018101
505,puerto armuelles,64.4165,40.8122,37.15,90,100,10.74,RU,1731018103
506,el tigre,8.2833,-82.8667,75.09,92,100,4.0,PA,1731017950
507,urengoy,8.8875,-64.2454,85.51,54,100,5.44,VE,1731018105
508,tavernes de la valldigna,65.9667,78.3667,5.16,97,99,3.6,RU,1731018106
509,arar,39.0667,-0.2667,62.96,96,42,3.0,ES,1731018107
510,cabo san lucas,30.9753,41.0381,55.42,100,40,0.0,SA,1731018108
511,cargados carajos,22.8909,-109.9124,82.71,57,0,8.05,MX,1731017654
512,praia da vitoria,-3.1022,-67.9397,87.26,55,98,0.94,BR,1731018112
513,hami,38.7333,-27.0667,64.65,82,40,23.85,PT,1731018113
514,sandpoint,42.8,93.45,46.83,46,87,4.56,CN,1731018114
515,beberibe,48.2766,-116.5533,46.44,68,0,1.99,US,1731018006
516,alotau,-4.1797,-38.1306,78.3,83,94,13.24,BR,1731018116
517,ansalta,-10.3069,150.4462,79.39,86,100,3.02,PG,1731018117
518,sal'sk,42.6894,46.1178,34.32,85,6,3.56,RU,1731018118
519,enoch,46.4725,41.5428,43.59,87,43,6.44,RU,1731018120
520,ta`u,37.7733,-113.0244,43.05,37,0,14.97,US,1731018121
521,canon city,-14.2336,-169.5144,78.96,85,30,16.26,AS,1731018122
522,harar,38.441,-105.2424,33.96,92,100,1.01,US,1731018123
523,hell-ville,9.3094,42.1258,60.6,69,37,3.98,ET,1731018124
524,putian,-13.4,48.2667,81.1,61,16,6.96,MG,1731018125
525,floriano,25.4394,119.0103,54.14,79,99,4.72,CN,1731018126
526,kiunga,-6.7669,-43.0225,91.06,32,98,3.36,BR,1731018128
527,cuencame de ceniceros,-6.1219,141.2906,75.74,95,100,3.24,PG,1731018129
528,mawu,24.8711,-103.6964,85.8,23,59,18.92,MX,1731018130
529,okhotsk,34.4307,104.9176,40.87,84,100,7.23,CN,1731018131
530,argo,59.3833,143.3,4.26,79,37,14.09,RU,1731018132
531,dongcun,37.6333,22.7333,50.52,69,0,5.93,GR,1731018133
532,valparaiso,36.7767,121.1597,51.6,70,4,3.15,CN,1731018134
533,sao jose da coroa grande,-33.0393,-71.6273,73.63,49,0,19.57,CL,1731018135
534,okakarara,-8.8978,-35.1478,76.84,77,37,7.85,BR,1731018137
535,robore,-20.5833,17.4333,68.95,73,94,7.54,NA,1731018138
536,tres arroyos,-18.3333,-59.75,75.29,94,75,0.0,BO,1731018139
537,goianira,-38.3739,-60.2798,57.61,42,74,12.03,AR,1731018140
538,shurugwi,-16.4961,-49.4264,69.62,94,99,3.47,BR,1731018141
539,huntsville,-19.6702,30.0059,63.28,81,75,13.42,ZW,1731018142
540,kulia village,34.7304,-86.5861,80.67,75,0,5.75,US,1731018143
541,aykhal,-3.85,35.5333,60.93,86,40,12.77,TZ,1731018146
542,puerto ayacucho,66.0,111.5,8.49,100,100,8.01,RU,1731018147
543,san,5.6639,-67.6236,86.38,69,96,2.62,VE,1731018148
544,porto-vecchio,13.3034,-4.8956,78.89,16,1,8.05,ML,1731018149
545,lompoc,41.591,9.2795,60.46,88,0,12.66,FR,1731018150
546,fauske,34.6391,-120.4579,74.14,47,20,6.91,US,1731018151
547,myitkyina,67.2588,15.3918,47.95,91,100,10.67,NO,1731018152
548,wetaskiwin,25.3833,97.4,61.79,99,75,2.17,MM,1731018154
549,laurel,52.9668,-113.3687,47.48,69,74,7.65,CA,1731018155
550,moose jaw,39.0993,-76.8483,73.94,62,0,6.91,US,1731018156
551,berdigestyakh,50.4001,-105.5344,55.67,54,75,11.5,CA,1731018157
552,belyy yar,62.0989,126.6992,5.36,99,94,2.15,RU,1731018158
553,taoudenni,53.6039,91.3903,24.69,93,0,4.47,RU,1731018159
554,olanchito,22.6783,-3.9836,82.09,18,0,9.44,ML,1731018160
555,la cruz,15.5,-86.5667,83.55,59,100,3.53,HN,1731018161
556,alpine,23.9167,-106.9,83.55,52,7,11.34,MX,1731018163
557,bimbo,32.835,-116.7664,71.73,11,0,10.36,US,1731018164
558,san rafael del sur,4.2567,18.4158,74.25,78,93,2.75,CF,1731018165
559,nanao,11.8485,-86.4384,78.01,90,100,4.36,NI,1731018166
560,beroroha,37.05,136.9667,44.82,77,13,0.96,JP,1731018167
561,skeldon,-21.6667,45.1667,82.94,51,58,9.13,MG,1731018168
562,santiago do cacem,5.8833,-57.1333,82.11,79,89,6.53,GY,1731018169
563,thunder bay,38.0169,-8.6948,64.04,76,100,6.93,PT,1731018170
564,suklayin,48.4001,-89.3168,51.78,40,40,19.57,CA,1731018172
565,zinjibar,15.7574,121.5503,75.92,88,100,3.15,PH,1731018173
566,el granada,13.1287,45.3807,81.07,72,13,6.87,YE,1731018174
567,ballina,37.5027,-122.4694,71.02,34,0,8.05,US,1731018175
568,saint croix,-28.8667,153.5667,75.34,86,82,6.53,AU,1731018176
569,thal,17.7397,-64.7388,81.05,90,0,0.0,VI,1731018177
570,minas de marcona,35.4791,72.2439,43.25,76,80,4.07,PK,1731018178
571,etzatlan,-15.2119,-75.1103,61.56,64,89,15.43,PE,1731018179
572,novaya igirma,20.7667,-104.0833,83.37,34,25,6.76,MX,1731018180
573,kailua-kona,57.1334,103.9112,30.09,88,100,7.07,RU,1731018182
574,kroya,19.6406,-155.9956,84.27,75,0,12.66,US,1731018183
575,danville,-7.6331,109.2461,77.09,86,64,2.01,ID,1731018184
576,tupancireta,36.586,-79.395,80.98,59,20,6.91,US,1731017946
577,orizona,-29.0806,-53.8358,63.86,96,100,15.08,BR,1731018186
578,pathein,-17.0314,-48.2958,69.13,90,99,2.64,BR,1731018187
579,bubaque,16.7833,94.7333,68.7,97,100,9.71,MM,1731018188
580,island harbour,11.2833,-15.8333,83.21,70,0,10.02,GW,1731018189
581,tasqala,50.724,-1.2758,54.01,72,100,1.99,GB,1731018191
582,west bay,51.1167,50.3167,29.68,92,100,4.36,KZ,1731018192
583,ankazobe,19.3667,-81.4167,84.27,84,75,4.61,KY,1731018193
584,miquelon,-18.3167,47.1167,64.09,79,58,4.61,MG,1731018194
585,ar rutbah,47.0975,-56.3814,44.22,74,100,25.28,PM,1731018195
586,conception bay south,33.0381,40.2848,63.16,47,100,5.26,IQ,1731018196
587,las khorey,47.4999,-52.9981,38.91,86,89,10.6,CA,1731018197
588,navashino,11.1595,48.1967,79.63,58,1,7.31,SO,1731018199
589,weligama,55.5292,42.2003,36.05,98,100,7.16,RU,1731018200
590,taroa,5.9667,80.4167,77.04,91,68,7.67,LK,1731018201
591,mata-utu,8.7058,171.2275,80.51,78,100,8.81,MH,1731018202
592,harper,-13.2816,-176.1745,81.16,75,98,17.69,WF,1731018203
593,penzance,4.375,-7.7169,78.42,83,35,7.31,LR,1731018204
594,roma,50.1186,-5.5371,55.76,89,5,20.76,GB,1731018205
595,arno,43.2128,-75.4557,49.35,70,0,8.05,US,1731017955
596,al kharijah,60.1167,18.6333,42.04,91,9,6.51,SE,1731018208
